[
  {
    "id": "issue-001",
    "projectId": 401001,
    "type": "RFI",
    "status": "Open",
    "priority": "High",
    "title": "RFI 001: Foundation Rebar Spacing",
    "description": "Clarification needed on rebar spacing for south foundation wall per structural drawings.",
    "assignedTo": "Architectural Team",
    "dueDate": "2024-06-20",
    "createdAt": "2024-06-10T09:00:00Z",
    "updatedAt": "2024-06-12T14:30:00Z",
    "comments": [
      {
        "id": "comment-001",
        "userId": "user-pm-jane",
        "comment": "Submitted to architect. Awaiting response.",
        "timestamp": "2024-06-10T10:00:00Z"
      }
    ],
    "attachments": ["drawing-s-101.pdf"]
  },
  {
    "id": "issue-002",
    "projectId": 401002,
    "type": "Submittal",
    "status": "In Review",
    "priority": "Medium",
    "title": "Submittal 005: HVAC Unit Specifications",
    "description": "Review and approval required for proposed HVAC unit specifications and cut sheets.",
    "assignedTo": "MEP Engineer",
    "dueDate": "2024-06-25",
    "createdAt": "2024-06-05T11:00:00Z",
    "updatedAt": "2024-06-11T09:00:00Z",
    "comments": [
      {
        "id": "comment-002",
        "userId": "user-exec-john",
        "comment": "Initial review complete. Minor comments for revision.",
        "timestamp": "2024-06-11T09:00:00Z"
      }
    ],
    "attachments": ["hvac-specs.pdf", "cut-sheet-carrier.pdf"]
  },
  {
    "id": "issue-003",
    "projectId": 401003,
    "type": "Change Order",
    "status": "Pending",
    "priority": "High",
    "title": "CO 002: Additional Parking Area",
    "description": "Client requested additional 500 sq ft parking area. Requires cost and schedule impact analysis.",
    "assignedTo": "Estimating Team",
    "dueDate": "2024-06-28",
    "createdAt": "2024-06-15T13:00:00Z",
    "updatedAt": "2024-06-15T13:00:00Z",
    "comments": [],
    "attachments": ["client-request.pdf"]
  },
  {
    "id": "issue-004",
    "projectId": 501001,
    "type": "Safety Incident",
    "status": "Closed",
    "priority": "Low",
    "title": "Minor Trip Hazard - Area C",
    "description": "Identified and rectified a minor trip hazard near material laydown area.",
    "assignedTo": "Safety Officer",
    "dueDate": "2024-06-05",
    "createdAt": "2024-06-01T08:00:00Z",
    "updatedAt": "2024-06-01T09:30:00Z",
    "comments": [
      {
        "id": "comment-003",
        "userId": "user-pm-jane",
        "comment": "Hazard removed. Area secured.",
        "timestamp": "2024-06-01T09:30:00Z"
      }
    ],
    "attachments": ["safety-report-001.pdf"]
  },
  {
    "id": "issue-005",
    "projectId": 401004,
    "type": "Quality Issue",
    "status": "Open",
    "priority": "Medium",
    "title": "Concrete Finish Discrepancy - Level 3",
    "description": "Surface finish on concrete slab at Level 3 does not meet specified smoothness requirements.",
    "assignedTo": "Concrete Subcontractor",
    "dueDate": "2024-06-22",
    "createdAt": "2024-06-14T10:00:00Z",
    "updatedAt": "2024-06-14T10:00:00Z",
    "comments": [],
    "attachments": ["quality-report-002.jpg"]
  }
]
